<Anims>
<anim name="idle_W_"  root="sock_trap"  numframes="1"  framerate="30" >
	<frame  idx="0"  w="50.95"  h="38.94999999999999"  x="41.525"  y="-177.424" >
		<element  name="Security_doorlock1_lockedInside"  layername="Layer 5"  parentname="security_doorlock1_locked"  frame="0"  depth="2"  m0_a="1"  m0_b="0"  m0_c="0"  m0_d="1"  m0_tx="37.5"  m0_ty="-106.449"  m1_a="1"  m1_b="0"  m1_c="0"  m1_d="1"  m1_tx="0.05"  m1_ty="0" />
	</frame>
</anim>
<anim name="idle_S_"  root="sock_trap"  numframes="1"  framerate="30" >
	<frame  idx="1"  w="49.949999999999996"  h="54.95000000000002"  x="-38.224"  y="-171.074" >
		<element  name="security_doorlock2_lockedinside"  layername="Layer 5"  parentname="security_doorlock2_locked"  frame="0"  depth="2"  m0_a="1"  m0_b="0"  m0_c="0"  m0_d="1"  m0_tx="-37.599"  m0_ty="-110.449" />
	</frame>
</anim>
<anim name="idle_N_"  root="sock_trap"  numframes="1"  framerate="30" >
	<frame  idx="2"  w="0"  h="0"  x="0"  y="0" >
	</frame>
</anim>
<anim name="idle_E_"  root="sock_trap"  numframes="1"  framerate="30" >
	<frame  idx="3"  w="0"  h="0"  x="0"  y="0" >
	</frame>
</anim>
<anim name="idle_unlocked_W_"  root="sock_trap"  numframes="1"  framerate="30" >
	<frame  idx="4"  w="50.95"  h="38.94999999999999"  x="37.475"  y="-180.424" >
		<element  name="security_doorlock2_unlocked_inside"  layername="Layer 5"  parentname="security_doorlock2_unlocked"  frame="0"  depth="2"  m0_a="1"  m0_b="0"  m0_c="0"  m0_d="1"  m0_tx="37.5"  m0_ty="-108.449"  m1_a="1"  m1_b="0"  m1_c="0"  m1_d="1"  m1_tx="0.05"  m1_ty="0" />
	</frame>
</anim>
<anim name="idle_unlocked_S_"  root="sock_trap"  numframes="1"  framerate="30" >
	<frame  idx="5"  w="49.95"  h="54.95000000000002"  x="-39.174"  y="-170.074" >
		<element  name="security_doorlock1_unlockedInside"  layername="Layer 5"  parentname="security_doorlock1_unlocked"  frame="0"  depth="2"  m0_a="1"  m0_b="0"  m0_c="0"  m0_d="1"  m0_tx="-37.599"  m0_ty="-108.449" />
	</frame>
</anim>
<anim name="idle_unlocked_N_"  root="sock_trap"  numframes="1"  framerate="30" >
	<frame  idx="6"  w="0"  h="0"  x="0"  y="0" >
	</frame>
</anim>
<anim name="idle_unlocked_E_"  root="sock_trap"  numframes="1"  framerate="30" >
	<frame  idx="7"  w="0"  h="0"  x="0"  y="0" >
	</frame>
</anim>
</Anims>
